{
  "accuracy": 0.9630793401413983,
  "precision_weighted": 0.9630425245449565,
  "recall_weighted": 0.9630793401413983,
  "f1_weighted": 0.9629732354747749,
  "confusion_matrix": [
    [
      85,
      2,
      5,
      2
    ],
    [
      2,
      251,
      17,
      0
    ],
    [
      3,
      10,
      764,
      0
    ],
    [
      4,
      0,
      2,
      126
    ]
  ],
  "n_test": 1273
}